{"cameraMode":{"drawMode":0,"name":"Shaded","section":"Shading Mode"},"sceneLighting":true,"audioPlay":false,"sceneViewState":{"showFog":true,"showMaterialUpdate":true,"showSkybox":true,"showFlares":true,"showImageEffects":true,"showParticleSystems":true},"in2DMode":false,"pivot":{"x":-0.8801472187042236,"y":11.774360656738282,"z":-46.63384246826172},"rotation":{"x":-0.01534955482929945,"y":0.9482591152191162,"z":-0.3137165904045105,"w":-0.04639606922864914},"size":37.31367111206055,"orthographic":false}