{"cameraMode":{"drawMode":0,"name":"Shaded","section":"Shading Mode"},"sceneLighting":true,"audioPlay":false,"sceneViewState":{"showFog":true,"showMaterialUpdate":true,"showSkybox":true,"showFlares":true,"showImageEffects":true,"showParticleSystems":true},"in2DMode":false,"pivot":{"x":-9.526369094848633,"y":3.051124095916748,"z":4.765982151031494},"rotation":{"x":0.14812467992305757,"y":-0.6389181017875671,"z":0.1271885633468628,"w":0.7440875172615051},"size":23.43797492980957,"orthographic":false}