{"cameraMode":{"drawMode":0,"name":"Shaded","section":"Shading Mode"},"sceneLighting":false,"audioPlay":false,"sceneViewState":{"showFog":true,"showMaterialUpdate":true,"showSkybox":false,"showFlares":true,"showImageEffects":true,"showParticleSystems":true},"in2DMode":false,"pivot":{"x":-0.37991487979888918,"y":2.5416011810302736,"z":0.0013475418090820313},"rotation":{"x":-0.00213921582326293,"y":0.9977356791496277,"z":-0.038931120187044147,"w":-0.05481945350766182},"size":1.2761564254760743,"orthographic":false}