{"cameraMode":{"drawMode":0,"name":"Shaded","section":"Shading Mode"},"sceneLighting":true,"audioPlay":false,"sceneViewState":{"showFog":true,"showMaterialUpdate":true,"showSkybox":true,"showFlares":true,"showImageEffects":true,"showParticleSystems":true},"in2DMode":false,"pivot":{"x":0.19653111696243287,"y":-3.547299385070801,"z":9.328388214111329},"rotation":{"x":0.2069694846868515,"y":0.014674535021185875,"z":-0.0031048397067934276,"w":0.9782326221466065},"size":24.775606155395509,"orthographic":false}