{"cameraMode":{"drawMode":0,"name":"Shaded","section":"Shading Mode"},"sceneLighting":false,"audioPlay":false,"sceneViewState":{"showFog":true,"showMaterialUpdate":true,"showSkybox":true,"showFlares":true,"showImageEffects":true,"showParticleSystems":true},"in2DMode":false,"pivot":{"x":-19.187536239624025,"y":-3.7595386505126955,"z":-14.84450912475586},"rotation":{"x":-0.236991286277771,"y":0.6690037250518799,"z":-0.239288792014122,"w":-0.662579357624054},"size":46.917381286621097,"orthographic":false}